employee_id,employee_pin,emp_job_status_id,emp_job_status_name,office_id,office_code,office_type_id,religion_id,religion,religion_id_updated
309238596768,01537233,7,REDUNDANCY,213,565,5,0,Islam,6
206158452703,01418667,9,RESIGNATION,2963,4833,5,0,Islam,6
206158478767,01529255,9,RESIGNATION,2291,3606,5,0,Islam,6
206158495168,01531611,9,RESIGNATION,222,394,5,0,Islam,6
309238590254,01536359,14,END CONTRACT,583,482,5,0,Islam,6
206158479635,01530133,9,RESIGNATION,436,2748,5,0,Islam,6
206158453429,01109263,14,END CONTRACT,195,496,5,0,Islam,6
206158431526,01140670,9,RESIGNATION,1836,2923,5,0,Islam,6
206158449884,01128622,15,Discontinuation,541,636,5,0,Islam,6
206158434731,01136816,9,RESIGNATION,1696,8494,5,0,Islam,6
206159132991,01532671,9,RESIGNATION,260,2274,5,0,Islam,6
206158478684,01529171,9,RESIGNATION,731,5680,5,0,Islam,6
206158452971,01409061,9,RESIGNATION,1461,7136,5,0,Islam,6
206158443743,01420395,9,RESIGNATION,116,5679,5,0,Islam,6
206158478257,01528740,14,END CONTRACT,613,5647,5,0,Islam,6
206158450034,01413207,15,Discontinuation,118,642,5,0,Islam,6
206159132961,01532637,9,RESIGNATION,1011,5940,5,0,Islam,6
206158449750,01415507,15,Discontinuation,541,636,5,0,Islam,6
206158449725,01522160,15,Discontinuation,322,608,5,0,Islam,6
206158479466,01529963,14,END CONTRACT,1076,9963,5,0,Hindu,5
206158495916,01531118,14,END CONTRACT,256,2713,5,0,Islam,6
206158452371,01415896,9,RESIGNATION,496,167,5,0,Islam,6
206158465117,01526622,9,RESIGNATION,523,310,5,0,Islam,6
206158433090,01403475,14,END CONTRACT,1328,HR1638,5,0,Hindu,5
206158454925,00139036,9,RESIGNATION,293,2723,5,0,Hindu,5
206158479044,01529541,14,END CONTRACT,307,2722,5,0,Islam,6
206158433392,01411041,14,END CONTRACT,307,2722,5,0,Islam,6
206158432998,01122648,14,END CONTRACT,307,2722,5,0,Hindu,5
206158449540,01188851,10,CLOSE FILE,1517,8938,5,0,Islam,6
206158476452,01527361,9,RESIGNATION,418,333,5,0,Islam,6
206158496287,01531830,9,RESIGNATION,696,472,5,0,Islam,6
206158462736,01121438,9,RESIGNATION,316,397,5,0,Islam,6
206159134983,01533427,10,CLOSE FILE,535,3899,5,0,Islam,6
206158434473,01196601,9,RESIGNATION,1791,8891,5,0,Islam,6
206158433093,01107826,14,END CONTRACT,1544,8174,5,0,Islam,6
309238586395,01534641,10,CLOSE FILE,397,461,5,0,Islam,6
206158449434,01176908,9,RESIGNATION,839,261,5,0,Islam,6
206158478678,01529164,9,RESIGNATION,398,273,5,0,Islam,6
206158447442,01177928,9,RESIGNATION,807,1411,5,0,Islam,6
206158434001,01121280,9,RESIGNATION,1321,9138,5,0,Islam,6
206158453699,01411373,14,END CONTRACT,2734,151,5,0,Islam,6
206158453866,01525629,14,END CONTRACT,2734,151,5,0,Islam,6
206158435165,01524775,9,RESIGNATION,1006,2294,5,0,Islam,6
206158455670,02002416,9,RESIGNATION,2867,HR6330,5,0,Hindu,5
206158476520,01527439,9,RESIGNATION,886,5286,5,0,Islam,6
206158444057,01110631,21,Contract Discontinue,196,552,5,0,Islam,6
206158495621,01531648,21,Contract Discontinue,196,552,5,0,Islam,6
206158443828,01110639,21,Contract Discontinue,196,552,5,0,Islam,6
206158444823,01110684,21,Contract Discontinue,196,552,5,0,Islam,6
206158444594,01110674,21,Contract Discontinue,196,552,5,0,Islam,6
206159134903,01533346,14,END CONTRACT,7,225,5,0,Hindu,5
206158495931,01530970,14,END CONTRACT,429,328,5,0,Islam,6
206158472791,01526864,14,END CONTRACT,14,258,5,0,Islam,6
309238586411,01533667,14,END CONTRACT,648,226,5,0,Islam,6
309238586514,01533940,14,END CONTRACT,100,224,5,0,Hindu,5
206158451445,01173065,9,RESIGNATION,963,1412,5,0,Islam,6
206159135004,01533450,14,END CONTRACT,429,328,5,0,Islam,6
206158445753,01408051,21,Contract Discontinue,2749,9259,5,0,Islam,6
206158464526,01526438,21,Contract Discontinue,2749,9259,5,0,Islam,6
206158479347,01529846,14,END CONTRACT,758,449,5,0,Islam,6
206158450097,01413001,9,RESIGNATION,2616,606,5,0,Islam,6
206158479337,01529836,14,END CONTRACT,758,449,5,0,Islam,6
206158495395,01530795,14,END CONTRACT,743,327,5,0,Islam,6
206158449968,01410110,7,REDUNDANCY,2616,606,5,0,Islam,6
206158444046,01421581,9,RESIGNATION,106,5764,5,0,Islam,6
206158495437,01530793,14,END CONTRACT,743,327,5,0,Islam,6
206158463716,01526346,14,END CONTRACT,743,327,5,0,Islam,6
206158432991,01107869,14,END CONTRACT,1545,6515,5,0,Hindu,5
206158433389,01414018,14,END CONTRACT,1477,HR2024,5,0,Islam,6
309238586336,01533776,14,END CONTRACT,256,2713,5,0,Hindu,5
206158436305,01403829,9,RESIGNATION,919,5804,5,0,Islam,6
206158433147,01403536,9,RESIGNATION,2698,2707,5,0,Hindu,5
206159132520,01532179,10,CLOSE FILE,360,211,5,0,Islam,6
206158445831,01407885,21,Contract Discontinue,299,297,5,0,Islam,6
309238586590,01535191,10,CLOSE FILE,2137,1311,5,0,Islam,6
206158443764,01192838,9,RESIGNATION,416,2420,5,0,Islam,6
206158445839,01417649,21,Contract Discontinue,299,297,5,0,Islam,6
206159133268,01532958,10,CLOSE FILE,360,211,5,0,Islam,6
206158481124,01530631,21,Contract Discontinue,299,297,5,0,Islam,6
206158433394,01403642,9,RESIGNATION,1340,6922,5,0,Hindu,5
206159133269,01532959,10,CLOSE FILE,360,211,5,0,Islam,6
309238586484,01535237,10,CLOSE FILE,928,5859,5,0,Islam,6
206159133267,01532957,10,CLOSE FILE,360,211,5,0,Islam,6
206158445787,01110849,21,Contract Discontinue,1264,9211,5,0,Islam,6
206158442944,01111236,21,Contract Discontinue,872,262,5,0,Islam,6
206158477794,01528268,10,CLOSE FILE,928,5859,5,0,Islam,6
309238586556,01535213,10,CLOSE FILE,1249,9965,5,0,Islam,6
206158478019,01528492,10,CLOSE FILE,1322,801,5,0,Islam,6
206158444416,01418356,21,Contract Discontinue,872,262,5,0,Islam,6
206158479259,01529758,21,Contract Discontinue,872,262,5,0,Islam,6
206158495427,01531038,9,RESIGNATION,414,372,5,0,Islam,6
206158443779,01111226,21,Contract Discontinue,872,262,5,0,Islam,6
206158444272,01111219,21,Contract Discontinue,872,262,5,0,Islam,6
206158434595,01420244,9,RESIGNATION,988,5883,5,0,Islam,6
206158479420,01529917,9,RESIGNATION,371,1392,5,0,Islam,6
206158443154,01420582,7,REDUNDANCY,490,1329,5,0,Islam,6
206158434338,01524778,9,RESIGNATION,34359738379,1866,5,0,Islam,6
206158478706,01529193,9,RESIGNATION,514,1331,5,0,Islam,6
206158476724,01527665,9,RESIGNATION,490,1329,5,0,Islam,6
309238586345,01533591,10,CLOSE FILE,902,814,5,0,Islam,6
309238590137,01537390,10,CLOSE FILE,1.37439E+11,6983,5,0,Hindu,5
206159133032,01532712,9,RESIGNATION,2063,9135,5,0,Islam,6
309238586344,01533590,10,CLOSE FILE,902,814,5,0,Hindu,5
206158463944,01196529,3,Active,869,555,5,0,Hindu,5
206158463958,01196501,3,Active,869,555,5,0,Hindu,5
206158464173,01196460,3,Active,699,1258,5,0,Hindu,5
206158464440,01196462,3,Active,869,555,5,0,Hindu,5
206158442982,01524475,14,END CONTRACT,647,506,5,0,Islam,6
206158433219,01127018,21,Contract Discontinue,1341,9325,5,0,Hindu,5
206158431554,01420288,14,END CONTRACT,185,233,5,0,Islam,6
206158444445,01166220,14,END CONTRACT,383,209,5,0,Islam,6
206158477130,01528103,9,RESIGNATION,122,484,5,0,Islam,6
206158433196,01122805,15,Discontinuation,266,2719,5,0,Hindu,5
206158445822,01420137,21,Contract Discontinue,2749,9259,5,0,Islam,6
206158433404,01122607,15,Discontinuation,307,2722,5,0,Islam,6
206158433227,01126630,21,Contract Discontinue,688,2703,5,0,Hindu,5
206158443123,01418619,14,END CONTRACT,2702,2289,5,0,Islam,6
206158476555,01527480,14,END CONTRACT,1328,HR1638,5,0,Hindu,5
206158433105,01126811,21,Contract Discontinue,724,2702,5,0,Hindu,5
206158444158,01420295,14,END CONTRACT,613,5647,5,0,Islam,6
206158445686,01169915,14,END CONTRACT,1116,2351,5,0,Islam,6
206158445354,01410780,14,END CONTRACT,856,251,5,0,Islam,6
206158443657,01168414,14,END CONTRACT,2815,3088,5,0,Islam,6
206158478859,01529352,14,END CONTRACT,708,241,5,0,Islam,6
206158444353,01413785,14,END CONTRACT,2073,152,5,0,Islam,6
206158431586,01401877,14,END CONTRACT,2207,HR3597,5,0,Islam,6
206158477933,01528404,10,CLOSE FILE,783,1360,5,0,Islam,6
309238596770,01504799,9,RESIGNATION,379,460,5,0,Islam,6
206158495488,01531117,9,RESIGNATION,133,5650,5,0,Islam,6
240518873894,02005837,9,RESIGNATION,2865,HR6328,5,0,Hindu,5
206158450726,01105443,9,RESIGNATION,1641,8518,5,0,Islam,6
206158452035,01418878,9,RESIGNATION,187,1365,5,0,Islam,6
206158446670,01419899,14,END CONTRACT,421,1156,5,0,Islam,6
206158472944,80015011,3,Active,1102,9148,5,0,Islam,6
206158456916,02000217,3,Active,2,BDHO,1,0,Islam,6
206158455732,02000072,3,Active,2297,HR3748,5,0,Cristian,4
206158456894,02000118,3,Active,2297,HR3748,5,0,Islam,6
206158443510,01192211,12,DEAD,995,1419,5,0,Islam,6
206158451898,01407541,9,RESIGNATION,426,447,5,0,Islam,6
206158443256,01109417,17,RETRENCHMENT,1461,7136,5,0,Islam,6
206158478352,01528837,14,END CONTRACT,6,227,5,0,Islam,6
206159132857,01532525,9,RESIGNATION,1470,8715,5,0,Islam,6
206158478125,01528605,21,Contract Discontinue,1436,7157,5,0,Islam,6
206158452358,01419639,9,RESIGNATION,9736,2012,5,0,Islam,6
206159132826,01532493,9,RESIGNATION,758,449,5,0,Islam,6
206158450000,01101805,15,Discontinuation,2200,HR3587,5,0,Islam,6
206158450055,01101826,15,Discontinuation,2200,HR3587,5,0,Islam,6
206158450048,01410875,15,Discontinuation,2200,HR3587,5,0,Islam,6
206158462596,00135339,3,Active,2291,3606,5,0,Islam,6
206158472841,80015043,3,Active,1102,9148,5,0,Islam,6
206158472865,80020088,3,Active,1102,9148,5,0,Islam,6
206158472847,80020039,3,Active,1102,9148,5,0,Islam,6
206158472848,80020065,3,Active,1102,9148,5,0,Islam,6
206158472856,80020062,3,Active,1102,9148,5,0,Hindu,5
206158445447,01415914,14,END CONTRACT,879,218,5,0,Islam,6
206158453584,01409746,14,END CONTRACT,3010,HR6571,5,0,Islam,6
206158444440,01417457,9,RESIGNATION,327,376,5,0,Islam,6
206158444854,01407021,14,END CONTRACT,150,5689,5,0,Islam,6
206158451428,01421445,9,RESIGNATION,820,490,5,0,Islam,6
274878751524,00005799,3,Active,2,BDHO,1,0,Islam,6
206158444444,01405131,14,END CONTRACT,383,209,5,0,Islam,6
206158444355,01414006,9,RESIGNATION,714,567,5,0,Islam,6
206158450655,01419428,9,RESIGNATION,1719,8256,5,0,Islam,6
206159132407,01532066,9,RESIGNATION,714,567,5,0,Islam,6
206158434155,01419901,14,END CONTRACT,388,5639,5,0,Islam,6
206158445113,01168836,14,END CONTRACT,603,532,5,0,Islam,6
206158444740,01405589,14,END CONTRACT,161,524,5,0,Islam,6
206158444546,01153205,14,END CONTRACT,1160,9976,5,0,Islam,6
206158443140,01421605,14,END CONTRACT,449,301,5,0,Islam,6
206158452742,01403927,9,RESIGNATION,1929,8957,5,0,Islam,6
206158452987,01403425,9,RESIGNATION,1345,HR1697,5,0,Islam,6
206158452093,01406661,9,RESIGNATION,798,3276,5,0,Islam,6
206158452329,01408070,9,RESIGNATION,142,440,5,0,Islam,6
206158450817,01408884,9,RESIGNATION,2949,4816,5,0,Islam,6
206158451772,01409343,9,RESIGNATION,895,3449,5,0,Islam,6
206158451088,01413977,9,RESIGNATION,1554,9027,5,0,Islam,6
206158445812,01417451,14,END CONTRACT,708,241,5,0,Islam,6
206158453830,01405916,14,END CONTRACT,391,605,5,0,Islam,6
206158453746,01405926,14,END CONTRACT,391,605,5,0,Islam,6
206158453701,01411384,14,END CONTRACT,2734,151,5,0,Islam,6
206158453606,01413130,14,END CONTRACT,2272,HR3708,5,0,Islam,6
206158453736,01413134,14,END CONTRACT,2272,HR3708,5,0,Islam,6
206158453829,01413129,14,END CONTRACT,2272,HR3708,5,0,Islam,6
206158453633,01523984,14,END CONTRACT,796,621,5,0,Islam,6
206158453595,01415995,14,END CONTRACT,2734,151,5,0,Islam,6
206158453663,01525718,14,END CONTRACT,34359738399,HR7177,5,0,Islam,6
206158453688,01525472,14,END CONTRACT,796,621,5,0,Islam,6
206158453749,01525474,14,END CONTRACT,796,621,5,0,Islam,6
206158481034,01530540,17,RETRENCHMENT,195,496,5,0,Islam,6
206158452939,01409360,9,RESIGNATION,918,2146,5,0,Islam,6
206159132661,01532323,9,RESIGNATION,412,5809,5,0,Islam,6
206158444076,01420168,14,END CONTRACT,359,162,5,0,Islam,6
206158479033,01529529,9,RESIGNATION,1.71799E+11,1908,5,0,Islam,6
206158456494,02003119,9,RESIGNATION,2994,HR6551,5,0,Hindu,5
206158454929,00050438,8,RETIREMENT,330,512,5,0,Islam,6
206158431517,01126628,21,Contract Discontinue,688,2703,5,0,Islam,6
206158451999,01145342,9,RESIGNATION,780,540,5,0,Islam,6
206158445175,01109017,17,RETRENCHMENT,928,5859,5,0,Islam,6
206158443318,01415892,14,END CONTRACT,6,227,5,0,Islam,6
206158445592,01420409,14,END CONTRACT,512,302,5,0,Islam,6
206158446748,01164440,14,END CONTRACT,914,5888,5,0,Islam,6
206158447507,01164419,14,END CONTRACT,692,338,5,0,Islam,6
206158443211,01407023,14,END CONTRACT,101,336,5,0,Islam,6
206158433324,01127210,12,DEAD,1487,6919,5,0,Buddist,2
206158452477,01421227,9,RESIGNATION,545,5674,5,0,Islam,6
206158495333,01531682,9,RESIGNATION,48,545,5,0,Islam,6
206158453767,01524569,14,END CONTRACT,796,621,5,0,Islam,6
206158447208,01420276,14,END CONTRACT,100,224,5,0,Islam,6
206158449660,01421848,10,CLOSE FILE,1335,648,5,0,Islam,6
206158452785,01169713,9,RESIGNATION,2317,1341,5,0,Islam,6
206158453850,01410922,14,END CONTRACT,796,621,5,0,Islam,6
206158455317,02000003,3,Active,2,BDHO,1,0,Islam,6
206158456644,02000015,3,Active,2,BDHO,1,0,Islam,6
206158447470,01420628,14,END CONTRACT,473,366,5,0,Islam,6
206159133126,01532808,14,END CONTRACT,28,1305,5,0,Islam,6
206158476847,01527798,14,END CONTRACT,28,1305,5,0,Islam,6
206158443372,01419914,14,END CONTRACT,32,451,5,0,Islam,6
206158443454,01523398,14,END CONTRACT,205,401,5,0,Islam,6
206158453610,01417590,14,END CONTRACT,80,547,5,0,Islam,6
206158444500,01110212,17,RETRENCHMENT,612,196,5,0,Islam,6
206158449962,01417487,15,Discontinuation,2616,606,5,0,Islam,6
206158445838,01403875,21,Contract Discontinue,299,297,5,0,Islam,6
206158464091,01526372,17,RETRENCHMENT,13,803,5,0,Islam,6
206159132973,01532649,9,RESIGNATION,1595,9067,5,0,Islam,6
206158444543,01109428,17,RETRENCHMENT,1464,7178,5,0,Islam,6
206158445763,01109620,17,RETRENCHMENT,706,206,5,0,Islam,6
206158450108,01421329,17,RETRENCHMENT,767,622,5,0,Islam,6
206158478579,01529148,9,RESIGNATION,303,271,5,0,Islam,6
309238589462,01536049,14,END CONTRACT,597,5659,5,0,Islam,6
206158441438,01416645,9,RESIGNATION,587,1965,5,0,Islam,6
206158465004,01526546,14,END CONTRACT,440,256,5,0,Islam,6
206158480999,01530505,17,RETRENCHMENT,847,607,5,0,Islam,6
309238586561,01534048,14,END CONTRACT,639,5655,5,0,Islam,6
206158447203,01420617,14,END CONTRACT,846,HR923,5,0,Islam,6
206158455896,02000025,3,Active,2,BDHO,1,0,Islam,6
206158479463,01529960,15,Discontinuation,1076,9963,5,0,Hindu,5
206159133056,01532737,9,RESIGNATION,1366,3157,5,0,Islam,6
206158477127,01528100,10,CLOSE FILE,574,558,5,0,Hindu,5
206158433526,01415184,15,Discontinuation,307,2722,5,0,Islam,6
206158479393,01529890,14,END CONTRACT,2073,152,5,0,Islam,6
206158444642,01154614,14,END CONTRACT,366,5691,5,0,Islam,6
206159133002,01532682,9,RESIGNATION,1418,2887,5,0,Islam,6
206158434383,01406404,9,RESIGNATION,2675,4101,5,0,Islam,6
206158449258,01189951,10,CLOSE FILE,729,9195,5,0,Hindu,5
206159133024,01532704,9,RESIGNATION,1356,7229,5,0,Islam,6
206159132868,01532536,9,RESIGNATION,1864,7230,5,0,Islam,6
206158444682,01523864,9,RESIGNATION,40,248,5,0,Islam,6
206158462945,01404363,9,RESIGNATION,1527,4006,5,0,Islam,6
206158495573,01532017,9,RESIGNATION,382,544,5,0,Islam,6
206158443581,01415387,9,RESIGNATION,40,248,5,0,Islam,6
206158463899,01526291,9,RESIGNATION,40,248,5,0,Islam,6
206158472799,01526882,9,RESIGNATION,382,544,5,0,Hindu,5
309238586983,01534558,9,RESIGNATION,382,544,5,0,Hindu,5
206158452315,01524262,9,RESIGNATION,1540,9032,5,0,Islam,6
206158434474,01179003,9,RESIGNATION,1553,9026,5,0,Islam,6
206158450942,01410769,9,RESIGNATION,2952,4820,5,0,Islam,6
206158451070,01524391,9,RESIGNATION,9788,2068,5,0,Islam,6
206158494875,01531290,9,RESIGNATION,231,317,5,0,Islam,6
206158445012,01113850,21,Contract Discontinue,1983,8133,5,0,Islam,6
206158444337,01418801,21,Contract Discontinue,308,534,5,0,Islam,6
206158443567,01407654,21,Contract Discontinue,308,534,5,0,Islam,6
206158444178,01417941,21,Contract Discontinue,308,534,5,0,Islam,6
206158444490,01113840,21,Contract Discontinue,1128,9955,5,0,Islam,6
206158478308,01528791,14,END CONTRACT,473,366,5,0,Islam,6
206158444125,01419760,9,RESIGNATION,231,317,5,0,Islam,6
206159135006,01533453,14,END CONTRACT,473,366,5,0,Islam,6
206158443964,01418685,9,RESIGNATION,231,317,5,0,Islam,6
206158477927,01528399,14,END CONTRACT,648,226,5,0,Islam,6
206158441299,01418827,9,RESIGNATION,117,563,5,0,Islam,6
206158454402,00085238,11,TERMINATION,461,HR487,5,0,Islam,6
206158449493,01177907,9,RESIGNATION,842,311,5,0,Islam,6
206158451080,01524170,9,RESIGNATION,2050,9182,5,0,Islam,6
309238586647,01533819,10,CLOSE FILE,706,206,5,0,Islam,6
206159133264,01532954,10,CLOSE FILE,360,211,5,0,Islam,6
206159133259,01532948,10,CLOSE FILE,360,211,5,0,Islam,6
206159133260,01532950,10,CLOSE FILE,360,211,5,0,Islam,6
206158495959,01531392,10,CLOSE FILE,706,206,5,0,Islam,6
309238586402,01534277,10,CLOSE FILE,360,211,5,0,Islam,6
206159133261,01532951,10,CLOSE FILE,360,211,5,0,Islam,6
206159133266,01532956,10,CLOSE FILE,360,211,5,0,Islam,6
206159133265,01532955,10,CLOSE FILE,360,211,5,0,Hindu,5
206158479150,01529649,14,END CONTRACT,1339,4111,5,0,Hindu,5
206159133262,01532952,10,CLOSE FILE,360,211,5,0,Islam,6
309238586343,01533593,10,CLOSE FILE,902,814,5,0,Islam,6
309238586337,01533594,10,CLOSE FILE,902,814,5,0,Hindu,5
206158478347,01528832,14,END CONTRACT,199,553,5,0,Islam,6
206158444818,01420247,14,END CONTRACT,48,545,5,0,Islam,6
206159132710,01532373,9,RESIGNATION,1575,2904,5,0,Islam,6
206158464441,01196506,3,Active,699,1258,5,0,Hindu,5
206158433682,01421705,14,END CONTRACT,407,407,5,0,Islam,6
206158447461,01420324,14,END CONTRACT,534,2272,5,0,Islam,6
206158455371,02001923,9,RESIGNATION,2867,HR6330,5,0,Hindu,5
206158434613,01524665,9,RESIGNATION,1198,9127,5,0,Islam,6
206158432954,01403504,14,END CONTRACT,1076,9963,5,0,Hindu,5
206158449402,01419890,10,CLOSE FILE,460,5658,5,0,Islam,6
206158445224,01409962,9,RESIGNATION,34,1255,5,0,Islam,6
206158451253,01524561,9,RESIGNATION,9789,2069,5,0,Islam,6
206158447088,01176316,14,END CONTRACT,151,309,5,0,Islam,6
206158444213,01121823,14,END CONTRACT,743,327,5,0,Islam,6
309238586346,01533592,10,CLOSE FILE,902,814,5,0,Islam,6
206159132705,01532368,9,RESIGNATION,1662,8474,5,0,Islam,6
206158435157,01407130,9,RESIGNATION,260,2274,5,0,Islam,6
206158465076,01526265,14,END CONTRACT,1235,9196,5,0,Islam,6
206159132804,01532470,9,RESIGNATION,1663,8473,5,0,Islam,6
206158457022,02000018,3,Active,2,BDHO,1,0,Islam,6
206158456266,02000111,3,Active,2297,HR3748,5,0,Islam,6
206158456915,02000010,3,Active,2,BDHO,1,0,Islam,6
206158456264,02000130,3,Active,2,BDHO,1,0,Islam,6
206158456533,02000199,3,Active,2,BDHO,1,0,Islam,6
206158456384,02000043,3,Active,2837,HR6298,5,0,Islam,6
206158456873,02000316,3,Active,2,BDHO,1,0,Islam,6
206158455490,02000067,3,Active,2297,HR3748,5,0,Islam,6
206158456193,02000083,3,Active,2297,HR3748,5,0,Islam,6
206158456511,02000156,3,Active,2,BDHO,1,0,Cristian,4
206158449865,01101847,15,Discontinuation,2200,HR3587,5,0,Islam,6
206158472779,80000701,3,Active,1102,9148,5,0,Islam,6
206158471789,02500195,3,Active,2104,HR3305,5,0,Islam,6
309238589588,01537398,14,END CONTRACT,320,441,5,0,Islam,6
206158452108,01402178,9,RESIGNATION,296,446,5,0,Islam,6
206158450049,01409230,15,Discontinuation,2200,HR3587,5,0,Islam,6
206158449685,01101803,15,Discontinuation,2200,HR3587,5,0,Islam,6
206158472861,80015009,3,Active,1102,9148,5,0,Islam,6
206158472863,80015010,3,Active,1102,9148,5,0,Islam,6
206158494867,01531503,9,RESIGNATION,551,613,5,0,Islam,6
206158445210,01411046,14,END CONTRACT,879,218,5,0,Islam,6
206158443626,01153016,14,END CONTRACT,150,5689,5,0,Islam,6
206159132665,01532327,9,RESIGNATION,662,445,5,0,Islam,6
206158443775,01166225,14,END CONTRACT,383,209,5,0,Islam,6
206159135138,02005564,9,RESIGNATION,2994,HR6551,5,0,Hindu,5
309238586144,01533777,9,RESIGNATION,3915,HR4988,5,0,Hindu,5
206158443385,01168831,14,END CONTRACT,603,532,5,0,Islam,6
206158481141,01530648,14,END CONTRACT,603,532,5,0,Islam,6
206158453854,01413445,14,END CONTRACT,3010,HR6571,5,0,Islam,6
206158444946,01419903,14,END CONTRACT,2724,220,5,0,Islam,6
206159132496,01533056,14,END CONTRACT,645,538,5,0,Islam,6
206158445172,01421040,14,END CONTRACT,133,5650,5,0,Islam,6
206159133125,01532807,14,END CONTRACT,28,1305,5,0,Islam,6
206158452584,01524171,9,RESIGNATION,1537,9029,5,0,Islam,6
206158451346,01524237,9,RESIGNATION,1214,9110,5,0,Islam,6
206158452317,01524283,9,RESIGNATION,3,1349,5,0,Islam,6
206158478659,01529143,9,RESIGNATION,281,HR294,5,0,Hindu,5
206158451241,01524347,9,RESIGNATION,2021,7195,5,0,Islam,6
206158451902,01405228,9,RESIGNATION,1670,8511,5,0,Islam,6
206159132916,01532588,9,RESIGNATION,1800,8222,5,0,Islam,6
206159133011,01532691,9,RESIGNATION,919,5804,5,0,Islam,6
206158476471,01527383,9,RESIGNATION,656,353,5,0,Islam,6
206158495358,01531966,9,RESIGNATION,320,441,5,0,Islam,6
206158445564,01181827,14,END CONTRACT,369,533,5,0,Islam,6
206158432367,01237464,7,REDUNDANCY,869,555,5,0,Islam,6
206158433510,01127009,21,Contract Discontinue,1341,9325,5,0,Islam,6
206158444383,01419508,9,RESIGNATION,133,5650,5,0,Islam,6
206158433005,01127031,21,Contract Discontinue,1341,9325,5,0,Hindu,5
206158476742,01527683,14,END CONTRACT,282,470,5,0,Islam,6
206158444439,01420618,14,END CONTRACT,813,955,5,0,Islam,6
206158434785,01406444,9,RESIGNATION,1497,8224,5,0,Islam,6
206158471011,01526295,14,END CONTRACT,796,621,5,0,Islam,6
309238590472,01537641,10,CLOSE FILE,1048,9972,5,0,Islam,6
34359740700,01410567,14,END CONTRACT,3027,7026,5,null,Buddist,2
206158476841,01527792,14,END CONTRACT,28,1305,5,0,Islam,6
309238596760,01537865,9,RESIGNATION,2275,4005,5,0,Islam,6
206158443351,01420250,14,END CONTRACT,237,499,5,0,Islam,6
206159133077,01532758,9,RESIGNATION,51,5615,5,0,Islam,6
206158447559,01420090,14,END CONTRACT,429,328,5,0,Islam,6
206158447316,01178647,14,END CONTRACT,473,366,5,0,Islam,6
206159132876,01532544,9,RESIGNATION,136,431,5,0,Islam,6
206158450941,01524765,9,RESIGNATION,609,5762,5,0,Islam,6
206158433439,01122026,15,Discontinuation,1076,9963,5,0,Hindu,5
206158444783,01417477,17,RETRENCHMENT,612,196,5,0,Islam,6
206159132436,01532155,9,RESIGNATION,847,607,5,0,Islam,6
206158453554,01405743,17,RETRENCHMENT,612,196,5,0,Islam,6
206158445052,01419964,14,END CONTRACT,145,571,5,0,Islam,6
206158453474,01402922,17,RETRENCHMENT,13,803,5,0,Islam,6
206158452630,01405330,9,RESIGNATION,2735,569,5,0,Islam,6
206158478970,01529466,9,RESIGNATION,1673,8516,5,0,Islam,6
206158445090,01419938,14,END CONTRACT,726,539,5,0,Islam,6
206158453564,01524453,14,END CONTRACT,535,3899,5,0,Hindu,5
206158479658,01530155,14,END CONTRACT,584,442,5,0,Islam,6
206158443595,01421104,14,END CONTRACT,383,209,5,0,Islam,6
206158433574,01122041,15,Discontinuation,1076,9963,5,0,Islam,6
206158444180,01153410,14,END CONTRACT,248,1319,5,0,Islam,6
206158445250,01153408,14,END CONTRACT,248,1319,5,0,Islam,6
206158443917,01417057,17,RETRENCHMENT,195,496,5,0,Islam,6
274878847203,02005919,9,RESIGNATION,2867,HR6330,5,0,Hindu,5
206158479529,01530024,9,RESIGNATION,1307,9144,5,0,Islam,6
206159132625,01532285,9,RESIGNATION,1536,9028,5,0,Islam,6
206158445767,01110862,21,Contract Discontinue,299,297,5,0,Islam,6
206158443381,01113612,17,RETRENCHMENT,302,399,5,0,Islam,6
206158444974,01113736,17,RETRENCHMENT,302,399,5,0,Islam,6
206158443261,01124439,14,END CONTRACT,1174,9155,5,0,Islam,6
206158445694,01124440,14,END CONTRACT,1174,9155,5,0,Islam,6
206158443473,01124443,14,END CONTRACT,204,1368,5,0,Islam,6
206158449811,01113223,21,Contract Discontinue,818,651,5,0,Islam,6
206158445141,01105048,9,RESIGNATION,653,1424,5,0,Islam,6
206158450384,01406255,7,REDUNDANCY,2616,606,5,0,Islam,6
206158449930,01413298,15,Discontinuation,1347,HR1708,5,0,Islam,6
206158449277,01419704,9,RESIGNATION,2541,HR4164,5,0,Islam,6
206158443147,01419996,14,END CONTRACT,2707,325,5,0,Islam,6
206158447428,01420437,9,RESIGNATION,380,1149,5,0,Islam,6
206158449367,01420439,9,RESIGNATION,146,5681,5,0,Islam,6
206158444982,01420605,21,Contract Discontinue,160,267,5,0,Islam,6
206158444926,01525059,14,END CONTRACT,248,1319,5,0,Islam,6
206158449953,01421740,17,RETRENCHMENT,767,622,5,0,Islam,6
206158496288,01531085,14,END CONTRACT,315,416,5,0,Islam,6
206158496281,01531084,14,END CONTRACT,315,416,5,0,Islam,6
206158447480,01525140,14,END CONTRACT,758,449,5,0,Islam,6
206159133367,01533059,14,END CONTRACT,134,5653,5,0,Islam,6
206158479350,01529849,9,RESIGNATION,148,305,5,0,Islam,6
206158433045,01122038,15,Discontinuation,1076,9963,5,0,Islam,6
206158496276,01531302,15,Discontinuation,225,326,5,0,Islam,6
206158443061,01415813,14,END CONTRACT,430,268,5,0,Islam,6
206158445772,01417574,17,RETRENCHMENT,706,206,5,0,Islam,6
206158433008,01122037,15,Discontinuation,1076,9963,5,0,Hindu,5
206158445378,01418268,14,END CONTRACT,274,5633,5,0,Islam,6
206158445638,01522866,14,END CONTRACT,708,241,5,0,Islam,6
206158444202,01125230,14,END CONTRACT,631,348,5,0,Islam,6
206158445075,01522687,14,END CONTRACT,333,486,5,0,Islam,6
206158444083,01524421,17,RETRENCHMENT,612,196,5,0,Islam,6
206158433371,01122052,15,Discontinuation,1076,9963,5,0,Hindu,5
206158444841,01524850,14,END CONTRACT,15,283,5,0,Islam,6
206158443205,01524509,14,END CONTRACT,397,461,5,0,Islam,6
206158443954,01525085,17,RETRENCHMENT,13,803,5,0,Islam,6
206158444638,01525015,14,END CONTRACT,2702,2289,5,0,Islam,6
206158445219,01525172,14,END CONTRACT,333,486,5,0,Islam,6
206158449774,01525285,17,RETRENCHMENT,767,622,5,0,Islam,6
206158463667,01526587,21,Contract Discontinue,193,551,5,0,Islam,6
206158476303,01527392,9,RESIGNATION,382,544,5,0,Islam,6
206158476666,01527602,14,END CONTRACT,161,524,5,0,Islam,6
206158477696,01528169,14,END CONTRACT,185,233,5,0,Islam,6
206158443462,01154617,14,END CONTRACT,137,5692,5,0,Islam,6
206158444015,01153435,14,END CONTRACT,248,1319,5,0,Islam,6
206158444873,01154621,14,END CONTRACT,1694,8501,5,0,Islam,6
206158443480,01157014,14,END CONTRACT,2192,3605,5,0,Islam,6
206158445263,01157011,14,END CONTRACT,1734,8209,5,0,Islam,6
206158441472,01157066,14,END CONTRACT,29,1383,5,0,Islam,6
206158443669,01153657,14,END CONTRACT,1671,8512,5,0,Islam,6
206158453516,01157475,14,END CONTRACT,232,526,5,0,Islam,6
206158443390,01157215,14,END CONTRACT,483,1215,5,0,Islam,6
206158443935,01157234,14,END CONTRACT,1736,8684,5,0,Islam,6
206158441971,01157248,14,END CONTRACT,218,498,5,0,Islam,6
206158445689,01157099,14,END CONTRACT,15,283,5,0,Islam,6
206158444236,01160041,14,END CONTRACT,825,476,5,0,Islam,6
206158443926,01159423,14,END CONTRACT,413,502,5,0,Islam,6
206158445029,01160408,14,END CONTRACT,726,539,5,0,Islam,6
206158445688,01159627,14,END CONTRACT,1746,4520,5,0,Islam,6
206158443272,01159813,14,END CONTRACT,1743,8113,5,0,Islam,6
206158444485,01159814,14,END CONTRACT,1743,8113,5,0,Islam,6
206158444733,01160410,14,END CONTRACT,1658,8111,5,0,Islam,6
206158443884,01160466,14,END CONTRACT,1660,8110,5,0,Islam,6
206158447505,01164417,14,END CONTRACT,1050,5887,5,0,Islam,6
206158449322,01164646,14,END CONTRACT,153,2216,5,0,Islam,6
206158446999,01164658,14,END CONTRACT,153,2216,5,0,Islam,6
206158447732,01164655,14,END CONTRACT,434,1216,5,0,Islam,6
206158444523,01166258,14,END CONTRACT,274,5633,5,0,Islam,6
206158443527,01166255,14,END CONTRACT,274,5633,5,0,Islam,6
206158444331,01165838,14,END CONTRACT,640,5631,5,0,Islam,6
206158443507,01166010,14,END CONTRACT,881,4734,5,0,Islam,6
206158445708,01168056,14,END CONTRACT,161,524,5,0,Islam,6
206158443464,01168040,14,END CONTRACT,161,524,5,0,Islam,6
206158444551,01168053,14,END CONTRACT,161,524,5,0,Islam,6
206158443496,01169866,14,END CONTRACT,856,251,5,0,Islam,6
206158442052,01168410,14,END CONTRACT,2783,8450,5,0,Islam,6
206158442622,01168409,14,END CONTRACT,2784,8446,5,0,Islam,6
206158444217,01167860,14,END CONTRACT,6,227,5,0,Islam,6
206158443031,01167853,14,END CONTRACT,1206,9176,5,0,Islam,6
206158445008,01168669,14,END CONTRACT,67,5646,5,0,Islam,6
206158443034,01168826,14,END CONTRACT,603,532,5,0,Islam,6
206158444735,01168838,14,END CONTRACT,603,532,5,0,Islam,6
206158442771,01169629,14,END CONTRACT,708,241,5,0,Islam,6
206158441936,01169623,14,END CONTRACT,708,241,5,0,Islam,6
206158441481,01169628,14,END CONTRACT,708,241,5,0,Islam,6
206158442456,01169644,14,END CONTRACT,708,241,5,0,Islam,6
206158445802,01170025,14,END CONTRACT,753,3783,5,0,Islam,6
206158445778,01170023,14,END CONTRACT,753,3783,5,0,Islam,6
206158445832,01170084,14,END CONTRACT,935,1458,5,0,Islam,6
206158445815,01170066,14,END CONTRACT,935,1458,5,0,Islam,6
206158449238,01176921,9,RESIGNATION,1438,2999,5,0,Islam,6
206158444630,01198625,14,END CONTRACT,157,3252,5,0,Islam,6
206158449650,01200040,14,END CONTRACT,1416,9359,5,0,Islam,6
206158443401,01198641,14,END CONTRACT,157,3252,5,0,Islam,6
206158443253,01198294,14,END CONTRACT,2073,152,5,0,Islam,6
206158444616,01199616,14,END CONTRACT,1413,231,5,0,Islam,6
206158444617,01199617,14,END CONTRACT,1413,231,5,0,Islam,6
206158449784,01200112,14,END CONTRACT,1416,9359,5,0,Islam,6
206158443311,01403145,14,END CONTRACT,881,4734,5,0,Islam,6
206158445829,01402965,17,RETRENCHMENT,930,3306,5,0,Islam,6
206158444519,01403435,17,RETRENCHMENT,1080,9956,5,0,Islam,6
206158444524,01403819,14,END CONTRACT,29,1383,5,0,Islam,6
206158433248,01122053,15,Discontinuation,1076,9963,5,0,Hindu,5
206158445140,01406555,14,END CONTRACT,917,5862,5,0,Islam,6
206158443151,01407050,14,END CONTRACT,1734,8209,5,0,Islam,6
206158442996,01407560,14,END CONTRACT,2091,8447,5,0,Islam,6
206158443650,01411403,14,END CONTRACT,319,5645,5,0,Islam,6
206158445643,01412190,14,END CONTRACT,663,3238,5,0,Islam,6
206158445784,01413316,14,END CONTRACT,935,1458,5,0,Islam,6
206158443966,01413263,14,END CONTRACT,394,279,5,0,Islam,6
206158443224,01413818,14,END CONTRACT,583,482,5,0,Islam,6
206158443054,01414109,14,END CONTRACT,660,1400,5,0,Islam,6
206158445792,01414286,21,Contract Discontinue,299,297,5,0,Islam,6
206158449624,01188405,14,END CONTRACT,2823,HR6271,5,0,Islam,6
206158449948,01200023,14,END CONTRACT,2207,HR3597,5,0,Islam,6
206158433116,01127012,21,Contract Discontinue,1341,9325,5,0,Hindu,5
206159135000,01533445,14,END CONTRACT,473,366,5,0,Islam,6
206159135036,01533461,14,END CONTRACT,648,226,5,0,Islam,6
206158477138,01528110,21,Contract Discontinue,724,2702,5,0,Hindu,5
206158432964,01414264,21,Contract Discontinue,1487,6919,5,0,Hindu,5
206158462632,01526520,21,Contract Discontinue,568,2701,5,0,Hindu,5
206158476889,01527844,14,END CONTRACT,2734,151,5,0,Islam,6
206158445162,01407264,14,END CONTRACT,1411,8742,5,0,Islam,6
309238586672,01533784,9,RESIGNATION,256,2713,5,0,Hindu,5
206158433501,01122424,15,Discontinuation,293,2723,5,0,Islam,6
309238588246,02006093,9,RESIGNATION,1.71799E+11,7344,5,0,Hindu,5
206158454978,00060965,9,RESIGNATION,645,538,5,0,Islam,6
206158477158,01528130,10,CLOSE FILE,14,258,5,0,Islam,6
206158447682,01524983,14,END CONTRACT,445,1408,5,0,Islam,6
206158445136,01420228,14,END CONTRACT,337,536,5,0,Islam,6
206158443142,01420191,14,END CONTRACT,1730,2019,5,0,Islam,6
206158434239,01414519,9,RESIGNATION,1690,8500,5,0,Islam,6
206158449644,01420822,17,RETRENCHMENT,767,622,5,0,Islam,6
206158464172,01526341,14,END CONTRACT,610,465,5,0,Islam,6
206158449965,01200019,14,END CONTRACT,2207,HR3597,5,0,Islam,6
206159132752,01532418,9,RESIGNATION,1175,9139,5,0,Islam,6
206158449889,01418247,14,END CONTRACT,2207,HR3597,5,0,Islam,6
206158449365,01161007,17,RETRENCHMENT,1027,645,5,0,Islam,6
206158449337,01413911,14,END CONTRACT,123,485,5,0,Islam,6
206158449969,01161013,17,RETRENCHMENT,1027,645,5,0,Islam,6
206158449821,01161020,17,RETRENCHMENT,1027,645,5,0,Islam,6
206158451025,01524143,9,RESIGNATION,600,807,5,0,Islam,6
206158479657,01530154,14,END CONTRACT,672,2331,5,0,Islam,6
206158444850,01525353,9,RESIGNATION,171,322,5,0,Islam,6
206158452520,01404021,9,RESIGNATION,1248,9202,5,0,Islam,6
206158434717,01405098,9,RESIGNATION,1806,3062,5,0,Islam,6
206158444131,01412505,9,RESIGNATION,2736,1366,5,0,Islam,6
206158433097,01122008,14,END CONTRACT,1076,9963,5,0,Hindu,5
206158434091,01414481,9,RESIGNATION,1682,8481,5,0,Islam,6
206158446683,01419891,10,CLOSE FILE,64,5731,5,0,Islam,6
206158479202,01529701,9,RESIGNATION,1.71799E+11,1915,5,0,Islam,6
206158447685,01419889,10,CLOSE FILE,782,5657,5,0,Islam,6
206158434886,01133687,9,RESIGNATION,431,2212,5,0,Islam,6
309238586460,01533724,14,END CONTRACT,70,2711,5,0,Hindu,5
206158445922,01113224,21,Contract Discontinue,559,633,5,0,Islam,6
206158443058,01418456,21,Contract Discontinue,308,534,5,0,Islam,6
206158450100,01113220,21,Contract Discontinue,559,633,5,0,Islam,6
206158476797,01527746,9,RESIGNATION,288,564,5,0,Islam,6
206158478835,01529323,21,Contract Discontinue,1128,9955,5,0,Islam,6
206158451255,01406145,9,RESIGNATION,34,1255,5,0,Islam,6
206159132619,01532279,9,RESIGNATION,1095,4112,5,0,Hindu,5
206158444100,01110431,21,Contract Discontinue,193,551,5,0,Islam,6
206158443161,01110434,21,Contract Discontinue,193,551,5,0,Islam,6
206158449826,01412511,21,Contract Discontinue,190,629,5,0,Islam,6
206158449959,01417118,21,Contract Discontinue,444,628,5,0,Islam,6
206158443763,01110435,21,Contract Discontinue,193,551,5,0,Islam,6
206158449601,01114216,21,Contract Discontinue,444,628,5,0,Islam,6
206158449703,01522957,21,Contract Discontinue,2818,650,5,0,Islam,6
206158445924,01112203,21,Contract Discontinue,2818,650,5,0,Cristian,4
206158449724,01417025,21,Contract Discontinue,190,629,5,0,Islam,6
206158451187,01408629,9,RESIGNATION,2953,4821,5,0,Islam,6
206158452413,01525616,9,RESIGNATION,1553,9026,5,0,Hindu,5
206158453843,01411383,14,END CONTRACT,2734,151,5,0,Islam,6
206158450714,01402554,9,RESIGNATION,2007,8614,5,0,Islam,6
206158444332,01525454,9,RESIGNATION,481,813,5,0,Islam,6
206158443894,01179433,9,RESIGNATION,231,317,5,0,Islam,6
206158445453,01407876,9,RESIGNATION,504,330,5,0,Islam,6
206158434331,01405070,9,RESIGNATION,145,571,5,0,Islam,6
206158445531,01412437,7,REDUNDANCY,1133,9300,5,0,Islam,6
377958115801,01130418,7,REDUNDANCY,1088,9303,5,0,Islam,6
206158450359,01129212,9,RESIGNATION,847,607,5,0,Islam,6
206158478936,01529432,9,RESIGNATION,331,2276,5,0,Islam,6
206158452420,01180040,9,RESIGNATION,517,HR547,5,0,Islam,6
206158454579,00085492,9,RESIGNATION,288,564,5,0,Islam,6
206158449699,01407488,7,REDUNDANCY,541,636,5,0,Islam,6
206158444817,01420664,9,RESIGNATION,414,372,5,0,Islam,6
206158445483,01407417,9,RESIGNATION,825,476,5,0,Islam,6
206158446669,01414061,12,DEAD,638,260,5,0,Islam,6
206158446724,01411513,14,END CONTRACT,426,447,5,0,Islam,6
206158447648,01420434,14,END CONTRACT,426,447,5,0,Islam,6
206158446816,01420435,14,END CONTRACT,376,448,5,0,Islam,6
206158454159,01414344,17,RETRENCHMENT,1027,645,5,0,Islam,6
206158445350,01168050,14,END CONTRACT,161,524,5,0,Islam,6
206158450946,01180019,9,RESIGNATION,382,544,5,0,Islam,6
206158469747,01526123,9,RESIGNATION,189,5770,5,0,Islam,6
206158494851,01531227,9,RESIGNATION,1552,9025,5,0,Islam,6
206158451933,01405223,3,Active,1081,9974,5,0,Islam,6
206158476346,01527129,9,RESIGNATION,894,5850,5,0,Islam,6
206158445370,01104621,14,END CONTRACT,374,177,5,0,Islam,6
309238589355,02006270,9,RESIGNATION,6960,HR6787,5,0,Hindu,5
206158444051,01404982,9,RESIGNATION,175,3424,5,0,Islam,6
206158445583,01405186,9,RESIGNATION,2695,286,5,0,Islam,6
206158443769,01124247,14,END CONTRACT,1170,HR1439,5,0,Islam,6
206158479421,01529918,14,END CONTRACT,746,1345,5,0,Islam,6
206158495485,01531196,9,RESIGNATION,2706,HR6081,5,0,Islam,6
206158444127,01523940,14,END CONTRACT,149,434,5,0,Islam,6
206158455375,02003389,9,RESIGNATION,2859,HR6322,5,0,Hindu,5
206159135134,02005560,9,RESIGNATION,2994,HR6551,5,0,Hindu,5
206158443694,01406094,17,RETRENCHMENT,13,803,5,0,Islam,6
206158455491,02000225,3,Active,2837,HR6298,5,0,Islam,6
206158472854,80020101,3,Active,1102,9148,5,0,Islam,6
206158472855,80020102,3,Active,1102,9148,5,0,Islam,6
206158472867,80000700,3,Active,1102,9148,5,0,Islam,6
206158478161,01528641,14,END CONTRACT,161,524,5,0,Islam,6
206158450480,01138260,21,Contract Discontinue,2501,4105,5,0,Islam,6
206158495444,01531015,9,RESIGNATION,635,520,5,0,Islam,6
206158443164,01153020,14,END CONTRACT,150,5689,5,0,Islam,6
206158452352,01523991,9,RESIGNATION,589,5686,5,0,Islam,6
206158443877,01168038,14,END CONTRACT,161,524,5,0,Islam,6
206158445104,01403742,14,END CONTRACT,832,2309,5,0,Islam,6
206158453603,01409733,14,END CONTRACT,3010,HR6571,5,0,Islam,6
206158472945,01527279,14,END CONTRACT,742,5648,5,0,Islam,6
206159132807,01532473,9,RESIGNATION,1780,3027,5,0,Islam,6
206158443266,01130420,7,REDUNDANCY,1133,9300,5,0,Islam,6
206158476845,01527796,14,END CONTRACT,28,1305,5,0,Islam,6
206158476840,01527790,14,END CONTRACT,28,1305,5,0,Islam,6
206158476861,01527812,14,END CONTRACT,28,1305,5,0,Islam,6
206158476848,01527799,14,END CONTRACT,28,1305,5,0,Islam,6
206158436290,01412219,9,RESIGNATION,2162,3580,5,0,Islam,6
206158434363,01419154,9,RESIGNATION,292,478,5,0,Islam,6
206158444322,01420344,14,END CONTRACT,652,204,5,0,Islam,6
206158434879,01402751,9,RESIGNATION,585,404,5,0,Islam,6
206158445294,01181830,14,END CONTRACT,369,533,5,0,Islam,6
206158478490,01528971,9,RESIGNATION,1269,9216,5,0,Islam,6
206158433044,01122024,15,Discontinuation,1076,9963,5,0,Hindu,5
206158456479,02004233,9,RESIGNATION,2864,HR6327,5,0,Hindu,5
206158450027,01417642,10,CLOSE FILE,767,622,5,0,Islam,6
34359739947,01417728,14,END CONTRACT,3028,7024,5,null,Buddist,2
206158457042,02000080,3,Active,2297,HR3748,5,0,Islam,6
206158435336,01402741,21,Contract Discontinue,374,177,5,0,Islam,6
206158444880,01110219,17,RETRENCHMENT,687,1296,5,0,Islam,6
206158445616,01525021,17,RETRENCHMENT,612,196,5,0,Islam,6
206158444004,01403443,14,END CONTRACT,1660,8110,5,0,Islam,6
377958120805,01525911,17,RETRENCHMENT,1260,9212,5,0,Islam,6
206158476829,01527779,14,END CONTRACT,28,1305,5,0,Islam,6
206158446915,01420700,14,END CONTRACT,396,329,5,0,Islam,6
206158443252,01108809,17,RETRENCHMENT,13,803,5,0,Islam,6
206158447740,01164632,14,END CONTRACT,1051,3216,5,0,Islam,6
206158447497,01164627,14,END CONTRACT,1051,3216,5,0,Islam,6
206158452213,01403574,9,RESIGNATION,2739,5637,5,0,Islam,6
206158480898,01530403,17,RETRENCHMENT,706,206,5,0,Islam,6
206159132659,01532321,9,RESIGNATION,952,1426,5,0,Islam,6
206158444753,01160275,14,END CONTRACT,926,3177,5,0,Islam,6
206158456512,02002486,9,RESIGNATION,2861,HR6324,5,0,Hindu,5
377958083901,01109262,17,RETRENCHMENT,195,496,5,0,Islam,6
206158432961,01122030,15,Discontinuation,1076,9963,5,0,Hindu,5
206158479656,01530153,14,END CONTRACT,584,442,5,0,Islam,6
206158434652,01416691,9,RESIGNATION,619,5836,5,0,Islam,6
206158479653,01530151,14,END CONTRACT,584,442,5,0,Islam,6
206158443497,01169931,14,END CONTRACT,856,251,5,0,Islam,6
206158445177,01418134,9,RESIGNATION,76,191,5,0,Islam,6
206158446908,01420405,14,END CONTRACT,385,5621,5,0,Islam,6
206158444987,01525317,14,END CONTRACT,675,371,5,0,Islam,6
206158433719,01110242,17,RETRENCHMENT,636,2296,5,0,Islam,6
206158445691,01110633,21,Contract Discontinue,196,552,5,0,Islam,6
206158444732,01110441,21,Contract Discontinue,193,551,5,0,Islam,6
206158444359,01110487,21,Contract Discontinue,193,551,5,0,Islam,6
206158443648,01125041,14,END CONTRACT,1730,2019,5,0,Islam,6
206158444962,01110637,21,Contract Discontinue,196,552,5,0,Islam,6
206158445117,01115651,17,RETRENCHMENT,1080,9956,5,0,Hindu,5
206158445685,01125024,14,END CONTRACT,2401,3368,5,0,Islam,6
206158443440,01125028,14,END CONTRACT,543,2368,5,0,Islam,6
206158445111,01125222,14,END CONTRACT,631,348,5,0,Islam,6
206158443494,01125236,14,END CONTRACT,631,348,5,0,Islam,6
206158445409,01125461,14,END CONTRACT,746,1345,5,0,Islam,6
206158443305,01130421,7,REDUNDANCY,1087,9262,5,0,Islam,6
206158433524,01122464,9,RESIGNATION,1328,HR1638,5,0,Hindu,5
206158433210,01122221,15,Discontinuation,754,2718,5,0,Hindu,5
206158476610,01527539,14,END CONTRACT,320,441,5,0,Islam,6
206158450089,01408951,14,END CONTRACT,2823,HR6271,5,0,Islam,6
206158449844,01188204,14,END CONTRACT,2823,HR6271,5,0,Islam,6
206158450077,01188410,14,END CONTRACT,2823,HR6271,5,0,Islam,6
206158433566,01127227,21,Contract Discontinue,1487,6919,5,0,Hindu,5
206158444778,01525016,14,END CONTRACT,363,189,5,0,Islam,6
206158495579,01531240,14,END CONTRACT,2734,151,5,0,Islam,6
206158445436,01420319,14,END CONTRACT,902,814,5,0,Islam,6
206159132474,01532156,14,END CONTRACT,363,189,5,0,Islam,6
206158478731,01529220,14,END CONTRACT,902,814,5,0,Islam,6
206158433313,01403441,14,END CONTRACT,307,2722,5,0,Islam,6
206158433266,01403784,9,RESIGNATION,2698,2707,5,0,Hindu,5
206158433411,01407482,9,RESIGNATION,2766,6923,5,0,Hindu,5
206158479025,01529521,9,RESIGNATION,2766,6923,5,0,Hindu,5
206158479026,01529522,9,RESIGNATION,2766,6923,5,0,Hindu,5
206158479340,01529839,14,END CONTRACT,758,449,5,0,Islam,6
206158479428,01529925,14,END CONTRACT,1477,HR2024,5,0,Hindu,5
206158479500,01529996,9,RESIGNATION,371,1392,5,0,Hindu,5
206158479628,01530126,14,END CONTRACT,106,5764,5,0,Islam,6
206158433440,01122007,15,Discontinuation,1076,9963,5,0,Hindu,5
206158495430,01531074,14,END CONTRACT,363,189,5,0,Islam,6
206158433367,01122017,15,Discontinuation,1076,9963,5,0,Islam,6
206158478856,01529349,14,END CONTRACT,363,189,5,0,Islam,6
206158432960,01122040,15,Discontinuation,1076,9963,5,0,Islam,6
206158433339,01122211,15,Discontinuation,754,2718,5,0,Hindu,5
206158433475,01122217,15,Discontinuation,754,2718,5,0,Hindu,5
206158433192,01122227,15,Discontinuation,754,2718,5,0,Hindu,5
206158433575,01122231,15,Discontinuation,754,2718,5,0,Hindu,5
206158433206,01122409,15,Discontinuation,293,2723,5,0,Islam,6
206158433351,01122651,15,Discontinuation,307,2722,5,0,Islam,6
206158433577,01123005,15,Discontinuation,457,2721,5,0,Hindu,5
206158479138,01529637,17,RETRENCHMENT,302,399,5,0,Buddist,2
206158450463,01419228,21,Contract Discontinue,547,806,5,0,Islam,6
206158496206,01531727,21,Contract Discontinue,688,2703,5,0,Hindu,5
206159134909,01533352,14,END CONTRACT,323,5661,5,0,Islam,6
206159135026,01533475,14,END CONTRACT,100,224,5,0,Islam,6
206158476863,01527814,14,END CONTRACT,28,1305,5,0,Islam,6
206158476855,01527806,14,END CONTRACT,28,1305,5,0,Islam,6
206158451818,01415825,9,RESIGNATION,2895,5875,5,0,Islam,6
206159133025,01532705,9,RESIGNATION,193,551,5,0,Islam,6
206158480666,01530163,14,END CONTRACT,514,1331,5,0,Islam,6
206159133110,01532791,9,RESIGNATION,1261,8953,5,0,Islam,6
206158454393,01146071,9,RESIGNATION,69,5811,5,0,Islam,6
309238590858,01536185,14,END CONTRACT,109,424,5,0,Islam,6
206158446675,01419823,14,END CONTRACT,330,512,5,0,Islam,6
206158447509,01420010,14,END CONTRACT,639,5655,5,0,Islam,6
309238589783,01537143,14,END CONTRACT,639,5655,5,0,Islam,6
206158449815,01418246,14,END CONTRACT,2207,HR3597,5,0,Islam,6
206158452078,01153679,9,RESIGNATION,1158,9979,5,0,Islam,6
206158445738,01415857,9,RESIGNATION,611,2255,5,0,Islam,6
206158443338,01419848,14,END CONTRACT,571,186,5,0,Islam,6
206158479531,01530026,14,END CONTRACT,571,186,5,0,Islam,6
206158449419,01420005,14,END CONTRACT,849,3230,5,0,Islam,6
206158446901,01420313,14,END CONTRACT,451,517,5,0,Islam,6
206159132787,01532453,9,RESIGNATION,921,2485,5,0,Islam,6
206158452567,01408973,9,RESIGNATION,2975,4846,5,0,Islam,6
206158445670,01166015,14,END CONTRACT,973,3318,5,0,Islam,6
206158433518,01122638,15,Discontinuation,307,2722,5,0,Islam,6
206158444369,01420737,14,END CONTRACT,611,2255,5,0,Islam,6
206158469054,01526073,14,END CONTRACT,333,486,5,0,Islam,6
206158478827,01529315,14,END CONTRACT,333,486,5,0,Islam,6
206158444086,01153639,14,END CONTRACT,265,202,5,0,Islam,6
206158446666,01175440,9,RESIGNATION,591,259,5,0,Islam,6
206158433176,01122619,15,Discontinuation,307,2722,5,0,Hindu,5
206158444644,01413819,14,END CONTRACT,583,482,5,0,Islam,6
206158443265,01159632,14,END CONTRACT,326,3168,5,0,Islam,6
206158442946,01159621,14,END CONTRACT,1745,8108,5,0,Islam,6
206158444609,01525010,14,END CONTRACT,301,370,5,0,Islam,6
206158433155,01122627,15,Discontinuation,307,2722,5,0,Islam,6
206158443688,01523881,14,END CONTRACT,157,3252,5,0,Islam,6
206158443341,01416240,14,END CONTRACT,902,814,5,0,Islam,6
206158445690,01153642,14,END CONTRACT,265,202,5,0,Islam,6
206159132789,01532455,9,RESIGNATION,23,323,5,0,Islam,6
206158445827,01170028,14,END CONTRACT,201,8434,5,0,Islam,6
206158454679,01417939,9,RESIGNATION,1732,9346,5,0,Islam,6
206158445488,01420537,14,END CONTRACT,2702,2289,5,0,Islam,6
206158478803,01529291,14,END CONTRACT,2702,2289,5,0,Islam,6
206158444474,01406674,14,END CONTRACT,825,476,5,0,Islam,6
206158480849,01530354,14,END CONTRACT,2702,2289,5,0,Islam,6
206159134938,01533380,9,RESIGNATION,1522,3072,5,0,Islam,6
206158495759,02005369,9,RESIGNATION,2859,HR6322,5,0,Hindu,5
206158445192,01415935,14,END CONTRACT,15,283,5,0,Islam,6
206158433117,01127035,21,Contract Discontinue,1341,9325,5,0,Islam,6
206158433400,01127007,21,Contract Discontinue,1341,9325,5,0,Islam,6
206158433154,01127019,21,Contract Discontinue,1341,9325,5,0,Islam,6
206158479236,01529735,21,Contract Discontinue,1487,6919,5,0,Hindu,5
206158495452,01531640,9,RESIGNATION,357,374,5,0,Islam,6
206158444720,01115851,17,RETRENCHMENT,1985,7222,5,0,Islam,6
206158496024,01531860,14,END CONTRACT,28,1305,5,0,Islam,6
206158445096,01407125,14,END CONTRACT,241,5690,5,0,Islam,6
206158453674,01409745,14,END CONTRACT,3010,HR6571,5,0,Islam,6
206158431553,01113615,17,RETRENCHMENT,302,399,5,0,Islam,6
206158453493,01403399,17,RETRENCHMENT,302,399,5,0,Islam,6
377958092426,01115820,17,RETRENCHMENT,1047,9958,5,0,Hindu,5
206158494957,01531278,14,END CONTRACT,3010,HR6571,5,0,Islam,6
206158442913,01153209,14,END CONTRACT,241,5690,5,0,Islam,6
206158442914,01153217,14,END CONTRACT,241,5690,5,0,Islam,6
206158443073,01419892,14,END CONTRACT,39,570,5,0,Islam,6
206158444750,01113751,17,RETRENCHMENT,302,399,5,0,Islam,6
206158443901,01113739,17,RETRENCHMENT,302,399,5,0,Islam,6
206158445695,01115912,17,RETRENCHMENT,1047,9958,5,0,Islam,6
206158445296,01168651,14,END CONTRACT,67,5646,5,0,Islam,6
206158479639,01530137,9,RESIGNATION,568,2701,5,0,Islam,6
206158443971,01109430,17,RETRENCHMENT,1038,9960,5,0,Islam,6
206158445300,01109432,17,RETRENCHMENT,68,808,5,0,Islam,6
206158443569,01420278,14,END CONTRACT,49,546,5,0,Islam,6
206158435175,01406534,9,RESIGNATION,2846,4538,5,0,Islam,6
206158443861,01413149,14,END CONTRACT,735,278,5,0,Islam,6
206158445645,01413740,14,END CONTRACT,735,278,5,0,Islam,6
206158444871,01181436,14,END CONTRACT,870,455,5,0,Islam,6
206158445768,01168828,14,END CONTRACT,603,532,5,0,Islam,6
206158444898,01169011,14,END CONTRACT,378,201,5,0,Islam,6
206158478998,01529494,14,END CONTRACT,378,201,5,0,Islam,6
309238589583,01536217,14,END CONTRACT,1106,5801,5,0,Hindu,5
206158445635,01418698,14,END CONTRACT,2710,557,5,0,Islam,6
206158444575,01406902,14,END CONTRACT,252,9740,5,0,Islam,6
206158449792,01403548,14,END CONTRACT,2207,HR3597,5,0,Islam,6
206158449967,01418248,14,END CONTRACT,2207,HR3597,5,0,Islam,6
206158449649,01200043,14,END CONTRACT,1416,9359,5,0,Islam,6
206158449675,01417552,14,END CONTRACT,3187,HR3365,5,0,Islam,6
206158449922,01416162,14,END CONTRACT,2734,151,5,0,Islam,6
206158452927,01405284,9,RESIGNATION,1157,9978,5,0,Islam,6
206158449824,01200017,14,END CONTRACT,2905,8724,5,0,Islam,6
206158452118,01524061,9,RESIGNATION,440,256,5,0,Islam,6
206158444683,01524422,14,END CONTRACT,148,305,5,0,Islam,6
206158469534,01526269,9,RESIGNATION,2772,8603,5,0,Islam,6
206158454301,00139112,9,RESIGNATION,344,380,5,0,Islam,6
206158432957,01127646,14,END CONTRACT,568,2701,5,0,Hindu,5
206158451623,01176310,9,RESIGNATION,151,309,5,0,Islam,6
206158479465,01529962,14,END CONTRACT,251,805,5,0,Islam,6
206158476931,01527888,14,END CONTRACT,2679,HR5689,5,0,Islam,6
206158447059,01419856,14,END CONTRACT,546,503,5,0,Islam,6
206158479578,01530075,14,END CONTRACT,409,5682,5,0,Islam,6
206158479461,01529959,14,END CONTRACT,251,805,5,0,Islam,6
206158479470,01529967,14,END CONTRACT,251,805,5,0,Islam,6
206158446954,01420022,14,END CONTRACT,251,805,5,0,Islam,6
206158446829,01419934,14,END CONTRACT,409,5682,5,0,Islam,6
206158479581,01530078,14,END CONTRACT,409,5682,5,0,Islam,6
206158447417,01419930,14,END CONTRACT,937,HR1062,5,0,Islam,6
206158451792,01178505,9,RESIGNATION,100,224,5,0,Islam,6
206159132924,01532598,9,RESIGNATION,871,1286,5,0,Islam,6
206159132954,01532630,9,RESIGNATION,297,1452,5,0,Islam,6
206159132880,01532548,9,RESIGNATION,265,202,5,0,Islam,6
206158449652,01131005,15,Discontinuation,592,604,5,0,Islam,6
206159132505,01532165,9,RESIGNATION,635,520,5,0,Islam,6
206159132970,01532646,9,RESIGNATION,1795,8878,5,0,Islam,6
206158494825,01531606,9,RESIGNATION,1069,1221,5,0,Islam,6
206158453598,01413177,14,END CONTRACT,635,520,5,0,Islam,6
206158453760,01525563,14,END CONTRACT,635,520,5,0,Islam,6
206158453620,01416592,14,END CONTRACT,635,520,5,0,Islam,6
206158453771,01413179,14,END CONTRACT,635,520,5,0,Islam,6
206158453692,01413181,14,END CONTRACT,635,520,5,0,Islam,6
206159132888,01532557,9,RESIGNATION,1791,8891,5,0,Islam,6
206159133089,01532770,9,RESIGNATION,115,1471,5,0,Islam,6
206158453754,01411682,14,END CONTRACT,2272,HR3708,5,0,Islam,6
206159132722,01532386,9,RESIGNATION,1106,5801,5,0,Islam,6
309238590356,01536455,10,CLOSE FILE,41,5662,5,0,Hindu,5
206158469555,01526044,9,RESIGNATION,572,249,5,0,Islam,6
206158449829,01403996,14,END CONTRACT,3227,HR3762,5,0,Islam,6
206158453589,01411688,14,END CONTRACT,2272,HR3708,5,0,Islam,6
206158449759,01188406,14,END CONTRACT,2823,HR6271,5,0,Islam,6
206158449816,01187820,14,END CONTRACT,3227,HR3762,5,0,Islam,6
206158449787,01420843,14,END CONTRACT,2823,HR6271,5,0,Islam,6
206158450672,01524232,9,RESIGNATION,63,413,5,0,Islam,6
206158444092,01154213,14,END CONTRACT,2442,219,5,0,Islam,6
206158444349,01153813,14,END CONTRACT,381,5687,5,0,Islam,6
206158472797,01526856,14,END CONTRACT,49,546,5,0,Islam,6
206158445743,01154209,14,END CONTRACT,2442,219,5,0,Islam,6
206158443288,01525203,14,END CONTRACT,381,5687,5,0,Islam,6
206158444792,01407276,14,END CONTRACT,381,5687,5,0,Islam,6
206158443487,01420593,14,END CONTRACT,381,5687,5,0,Islam,6
206158444210,01407004,14,END CONTRACT,381,5687,5,0,Islam,6
206158443419,01407005,14,END CONTRACT,381,5687,5,0,Islam,6
206158477131,01528104,14,END CONTRACT,2442,219,5,0,Islam,6
206158495375,01531953,9,RESIGNATION,48,545,5,0,Islam,6
206159132446,01532104,9,RESIGNATION,2289,1701,5,0,Islam,6
206159133560,01533254,9,RESIGNATION,1732,9346,5,0,Islam,6
206158495360,01531931,9,RESIGNATION,337,536,5,0,Islam,6
206159133369,01533061,9,RESIGNATION,508,8049,5,0,Islam,6
206159132733,01532398,9,RESIGNATION,1289,9985,5,0,Islam,6
206158480704,01530201,9,RESIGNATION,792,466,5,0,Islam,6
206158476622,01527553,14,END CONTRACT,371,1392,5,0,Islam,6
206158450669,01418406,9,RESIGNATION,1973,8131,5,0,Islam,6
206158443552,01415240,9,RESIGNATION,124,239,5,0,Islam,6
309238596691,02006323,9,RESIGNATION,2.74878E+11,7554,5,0,Islam,6
206158443952,01410898,14,END CONTRACT,631,348,5,0,Islam,6
206158478938,01529434,14,END CONTRACT,631,348,5,0,Islam,6
206158445228,01524525,9,RESIGNATION,337,536,5,0,Islam,6
206158445481,01410868,14,END CONTRACT,178,245,5,0,Islam,6
206158476162,01527154,14,END CONTRACT,178,245,5,0,Islam,6
206158444415,01416119,14,END CONTRACT,221,1369,5,0,Islam,6
206158479204,01529703,14,END CONTRACT,875,5644,5,0,Islam,6
206159132419,01532079,9,RESIGNATION,418,333,5,0,Islam,6
206158443516,01420461,14,END CONTRACT,221,1369,5,0,Islam,6
206158444931,01121612,14,END CONTRACT,505,390,5,0,Islam,6
206158445035,01413257,14,END CONTRACT,185,233,5,0,Islam,6
206158452777,01175275,9,RESIGNATION,1966,8411,5,0,Islam,6
206158445588,01525054,14,END CONTRACT,1583,2885,5,0,Islam,6
206158443046,01124801,14,END CONTRACT,1573,7109,5,0,Islam,6
206158474229,02005189,9,RESIGNATION,2859,HR6322,5,0,Hindu,5
206158449404,01420308,14,END CONTRACT,623,HR661,5,0,Islam,6
206158449640,01162814,17,RETRENCHMENT,767,622,5,0,Islam,6
206158444611,01159256,9,RESIGNATION,684,284,5,0,Islam,6
206158434768,01151401,9,RESIGNATION,1838,2924,5,0,Islam,6
206158449770,01162830,17,RETRENCHMENT,767,622,5,0,Islam,6
206158443157,01181832,14,END CONTRACT,101,336,5,0,Islam,6
206158476939,01527898,14,END CONTRACT,270,535,5,0,Islam,6
206158480668,01530165,14,END CONTRACT,886,5286,5,0,Islam,6
206158453426,01403542,14,END CONTRACT,881,4734,5,0,Islam,6
206158443339,01419826,14,END CONTRACT,886,5286,5,0,Islam,6
206158495645,01531395,9,RESIGNATION,571,186,5,0,Islam,6
206158444658,01420064,14,END CONTRACT,2706,HR6081,5,0,Islam,6
206158443921,01418003,9,RESIGNATION,611,2255,5,0,Islam,6
206158478050,01528530,9,RESIGNATION,318,5671,5,0,Islam,6
206158451935,01159430,9,RESIGNATION,413,502,5,0,Islam,6
206159133579,01532378,9,RESIGNATION,312,5672,5,0,Islam,6
206158450028,01412369,17,RETRENCHMENT,767,622,5,0,Islam,6
206158449869,01101916,15,Discontinuation,2200,HR3587,5,0,Islam,6
206158447456,01419885,14,END CONTRACT,947,2134,5,0,Islam,6
206158443716,01525081,14,END CONTRACT,647,506,5,0,Islam,6
206158433377,01126639,21,Contract Discontinue,688,2703,5,0,Hindu,5
206158463872,01526802,14,END CONTRACT,647,506,5,0,Islam,6
206158445450,01421534,14,END CONTRACT,2702,2289,5,0,Islam,6
206158445053,01419864,14,END CONTRACT,825,476,5,0,Islam,6
206158444986,01420542,21,Contract Discontinue,837,3366,5,0,Islam,6
206158477785,01528260,9,RESIGNATION,1055,5403,5,0,Cristian,4
206158449281,01165033,14,END CONTRACT,768,568,5,0,Islam,6
206158479014,01529510,9,RESIGNATION,1340,6922,5,0,Hindu,5
206158433018,01126815,21,Contract Discontinue,724,2702,5,0,Hindu,5
206158449237,01403850,14,END CONTRACT,330,512,5,0,Islam,6
206158433592,01414259,21,Contract Discontinue,724,2702,5,0,Hindu,5
206158447052,01164421,14,END CONTRACT,123,485,5,0,Islam,6
206158447078,01164494,14,END CONTRACT,692,338,5,0,Islam,6
206158451420,01525146,9,RESIGNATION,1310,2483,5,0,Islam,6
206158444877,01109425,17,RETRENCHMENT,1248,9202,5,0,Islam,6
206158433509,01127008,21,Contract Discontinue,1341,9325,5,0,Islam,6
206159132893,01532562,9,RESIGNATION,1640,4517,5,0,Islam,6
206158433261,01127013,21,Contract Discontinue,1341,9325,5,0,Islam,6
206158444130,01419281,14,END CONTRACT,2717,504,5,0,Islam,6
206158477145,01528117,14,END CONTRACT,2717,504,5,0,Islam,6
206158463996,01154842,14,END CONTRACT,1159,9980,5,0,Islam,6
206158445077,01419974,14,END CONTRACT,2717,504,5,0,Islam,6
206158464244,01526290,14,END CONTRACT,2717,504,5,0,Islam,6
206158444021,01403595,14,END CONTRACT,1706,8468,5,0,Islam,6
206158451372,01405035,9,RESIGNATION,1767,8121,5,0,Islam,6
206158453438,01403523,14,END CONTRACT,2717,504,5,0,Islam,6
206158495497,01530837,14,END CONTRACT,2717,504,5,0,Islam,6
206158442210,01157668,14,END CONTRACT,2717,504,5,0,Islam,6
206158445041,01419280,14,END CONTRACT,2717,504,5,0,Islam,6
206158443649,01407098,14,END CONTRACT,82,304,5,0,Islam,6
206158453507,01157490,14,END CONTRACT,232,526,5,0,Islam,6
206158443860,01524784,14,END CONTRACT,232,526,5,0,Islam,6
206158453499,01157627,14,END CONTRACT,2717,504,5,0,Islam,6
206158445667,01157020,14,END CONTRACT,15,283,5,0,Islam,6
206158442465,01157064,14,END CONTRACT,970,2383,5,0,Islam,6
206158444278,01152826,14,END CONTRACT,1699,8498,5,0,Islam,6
206158453455,01415689,14,END CONTRACT,232,526,5,0,Islam,6
206158445130,01418321,14,END CONTRACT,82,304,5,0,Islam,6
206158443131,01420915,14,END CONTRACT,660,1400,5,0,Islam,6
206158444508,01155036,14,END CONTRACT,822,5694,5,0,Islam,6
206158443899,01154824,14,END CONTRACT,329,5990,5,0,Islam,6
206158443233,01411498,17,RETRENCHMENT,1080,9956,5,0,Islam,6
206158443395,01115708,17,RETRENCHMENT,1080,9956,5,0,Islam,6
206158445148,01420129,14,END CONTRACT,161,524,5,0,Islam,6
206158445382,01420633,14,END CONTRACT,1919,8443,5,0,Islam,6
206158443662,01115646,17,RETRENCHMENT,1080,9956,5,0,Islam,6
206158443374,01420471,14,END CONTRACT,2710,557,5,0,Islam,6
206158443105,01420427,14,END CONTRACT,708,241,5,0,Islam,6
206158444306,01420305,14,END CONTRACT,378,201,5,0,Islam,6
206158444371,01420984,14,END CONTRACT,319,5645,5,0,Islam,6
206158442636,01168671,14,END CONTRACT,748,8430,5,0,Islam,6
206158445810,01419881,14,END CONTRACT,603,532,5,0,Islam,6
206158445020,01420943,14,END CONTRACT,856,251,5,0,Islam,6
206158495602,01530708,14,END CONTRACT,1116,2351,5,0,Islam,6
206158432196,01406155,10,CLOSE FILE,869,555,5,0,Islam,6
206158444024,01181623,14,END CONTRACT,394,279,5,0,Islam,6
206158444741,01181609,14,END CONTRACT,394,279,5,0,Islam,6
206158495520,01530997,14,END CONTRACT,394,279,5,0,Islam,6
206158431801,01237528,10,CLOSE FILE,869,555,5,0,Islam,6
206158444775,01418102,14,END CONTRACT,397,461,5,0,Islam,6
206158442990,01407481,14,END CONTRACT,397,461,5,0,Islam,6
206158445456,01410871,14,END CONTRACT,397,461,5,0,Islam,6
206158445237,01525036,14,END CONTRACT,397,461,5,0,Islam,6
206158444316,01525598,14,END CONTRACT,397,461,5,0,Islam,6
206158464541,01526750,14,END CONTRACT,397,461,5,0,Islam,6
206158494947,01531154,10,CLOSE FILE,869,555,5,0,Islam,6
206158462165,01526489,10,CLOSE FILE,869,555,5,0,Islam,6
206158462164,01526490,10,CLOSE FILE,869,555,5,0,Islam,6
206158462156,01526541,10,CLOSE FILE,869,555,5,0,Islam,6
206158431803,01408333,10,CLOSE FILE,869,555,5,0,Islam,6
206158494946,01531151,10,CLOSE FILE,869,555,5,0,Islam,6
206158478571,01529053,14,END CONTRACT,252,9740,5,0,Islam,6
309238590503,01535831,14,END CONTRACT,671,614,5,0,Cristian,4
206158446927,01420269,14,END CONTRACT,208,368,5,0,Islam,6
206158447638,01524973,14,END CONTRACT,842,311,5,0,Islam,6
206158446998,01420270,14,END CONTRACT,807,1411,5,0,Islam,6
206158447149,01420392,14,END CONTRACT,951,2409,5,0,Islam,6
206158447731,01420502,14,END CONTRACT,368,308,5,0,Islam,6
206158446836,01419933,14,END CONTRACT,839,261,5,0,Islam,6
206158449407,01419945,14,END CONTRACT,1661,8472,5,0,Islam,6
206158447640,01420372,14,END CONTRACT,2730,1432,5,0,Islam,6
206159133057,01532738,9,RESIGNATION,2964,4834,5,0,Islam,6
206158453439,01168246,14,END CONTRACT,852,2457,5,0,Islam,6
206158453495,01168247,14,END CONTRACT,852,2457,5,0,Islam,6
206158445334,01420383,14,END CONTRACT,587,1965,5,0,Islam,6
206158472006,01526754,9,RESIGNATION,1158,9979,5,0,Islam,6
206158443226,01419893,14,END CONTRACT,438,408,5,0,Islam,6
206158464231,01526501,14,END CONTRACT,205,401,5,0,Islam,6
206158443962,01419906,21,Contract Discontinue,23,323,5,0,Islam,6
206158477760,01528236,10,CLOSE FILE,638,260,5,0,Islam,6
206158476688,01527625,9,RESIGNATION,1195,9288,5,0,Islam,6
206158447621,01419983,14,END CONTRACT,18,522,5,0,Islam,6
206158453905,01421038,14,END CONTRACT,418,333,5,0,Islam,6
206158495342,01531937,9,RESIGNATION,337,536,5,0,Islam,6
206158456287,02004797,9,RESIGNATION,2860,HR6323,5,0,Hindu,5
206158433401,01127226,21,Contract Discontinue,1487,6919,5,0,Hindu,5
206158451167,01523697,9,RESIGNATION,1970,9284,5,0,Islam,6
206158449726,01114217,21,Contract Discontinue,444,628,5,0,Islam,6
343598336684,01537830,9,RESIGNATION,1293,9984,5,0,Islam,6
206158456678,02003056,9,RESIGNATION,2860,HR6323,5,0,Hindu,5
206158433750,01416999,9,RESIGNATION,34359738415,HR7193,5,0,Islam,6
206159133031,01532711,9,RESIGNATION,2580,4505,5,0,Islam,6
206158434838,01182201,15,Discontinuation,735,278,5,0,Islam,6
206158444589,01420108,14,END CONTRACT,521,178,5,0,Islam,6
206158442947,01128834,14,END CONTRACT,1132,9305,5,0,Islam,6
309238589482,01536264,9,RESIGNATION,2759,9999,5,0,Islam,6
206158441428,01419717,14,END CONTRACT,2709,307,5,0,Islam,6
206158455785,02004524,9,RESIGNATION,2593,HR4307,5,0,Hindu,5
206158494823,01531617,9,RESIGNATION,105,623,5,0,Islam,6
206158445143,01415880,14,END CONTRACT,672,2331,5,0,Islam,6
206159132824,01532490,9,RESIGNATION,1680,8486,5,0,Islam,6
206158478575,01529057,9,RESIGNATION,9727,2028,5,0,Islam,6
206158451929,01408575,9,RESIGNATION,2149,3145,5,0,Islam,6
206158481112,01530619,14,END CONTRACT,400,5624,5,0,Islam,6
206158432069,01523653,14,END CONTRACT,371,1392,5,0,Islam,6
274878847219,02005941,9,RESIGNATION,2866,HR6329,5,0,Hindu,5
206159132644,01532306,9,RESIGNATION,1315,9158,5,0,Islam,6
206158444147,01110632,21,Contract Discontinue,196,552,5,0,Islam,6
206158443375,01524835,9,RESIGNATION,231,317,5,0,Islam,6
206158434940,01525494,9,RESIGNATION,2239,1059,5,0,Islam,6
206158478164,01528644,14,END CONTRACT,161,524,5,0,Islam,6
206158443163,01169008,14,END CONTRACT,378,201,5,0,Islam,6
206158454981,01417573,12,DEAD,475,373,5,0,Islam,6
206158455134,01408873,9,RESIGNATION,2872,HR6341,5,0,Hindu,5
206158444533,01158031,9,RESIGNATION,2695,286,5,0,Islam,6
206158479564,01530060,14,END CONTRACT,806,469,5,0,Islam,6
206159133346,01533035,14,END CONTRACT,631,348,5,0,Islam,6
206158455866,02004211,9,RESIGNATION,2861,HR6324,5,0,Hindu,5
206158456793,02000898,9,RESIGNATION,2860,HR6323,5,0,Hindu,5
206158431545,01124458,14,END CONTRACT,1575,2904,5,0,Islam,6
206158445236,01416757,14,END CONTRACT,505,390,5,0,Islam,6
206158480885,01530390,14,END CONTRACT,303,271,5,0,Islam,6
206158456248,02003631,9,RESIGNATION,2867,HR6330,5,0,Hindu,5
206158495626,01531374,14,END CONTRACT,303,271,5,0,Islam,6
206159133378,01533070,14,END CONTRACT,303,271,5,0,Islam,6
206158455703,02002377,9,RESIGNATION,6961,HR6788,5,0,Hindu,5
206158444117,01525709,14,END CONTRACT,221,1369,5,0,Islam,6
206158444576,01416913,14,END CONTRACT,1579,9351,5,0,Islam,6
206159132482,01532141,14,END CONTRACT,1573,7109,5,0,Islam,6
206158444593,01124804,14,END CONTRACT,1573,7109,5,0,Islam,6
206158478135,01528615,14,END CONTRACT,708,241,5,0,Islam,6
206158433021,01122233,15,Discontinuation,754,2718,5,0,Hindu,5
206158478798,01529286,14,END CONTRACT,2702,2289,5,0,Islam,6
206158478902,01529396,14,END CONTRACT,739,1238,5,0,Islam,6
206158479419,01529916,14,END CONTRACT,746,1345,5,0,Islam,6
206158480843,01530348,14,END CONTRACT,333,486,5,0,Islam,6
206158480884,01530389,14,END CONTRACT,303,271,5,0,Islam,6
206158495500,01531207,17,RETRENCHMENT,612,196,5,0,Islam,6
206158495568,01531315,21,Contract Discontinue,193,551,5,0,Islam,6
206158496274,01531305,14,END CONTRACT,225,326,5,0,Islam,6
206158495460,01531475,14,END CONTRACT,743,327,5,0,Islam,6
206158495546,01531647,21,Contract Discontinue,196,552,5,0,Islam,6
206158495472,01532018,9,RESIGNATION,382,544,5,0,Islam,6
206158495403,01531761,21,Contract Discontinue,193,551,5,0,Islam,6
206159132428,01532088,14,END CONTRACT,397,461,5,0,Islam,6
206159133141,01532821,9,RESIGNATION,382,544,5,0,Islam,6
206158452822,01412446,9,RESIGNATION,863,5740,5,0,Islam,6
206158434214,01415025,9,RESIGNATION,797,508,5,0,Islam,6
206158433041,01122238,15,Discontinuation,754,2718,5,0,Hindu,5
206158478207,01528688,14,END CONTRACT,28,1305,5,0,Islam,6
206158452815,01524224,9,RESIGNATION,1216,9227,5,0,Islam,6
206158433485,01107840,14,END CONTRACT,1545,6515,5,0,Hindu,5
206158433378,01126615,21,Contract Discontinue,688,2703,5,0,Hindu,5
206158445529,01198801,14,END CONTRACT,902,814,5,0,Islam,6
206158445740,01525004,14,END CONTRACT,2734,151,5,0,Islam,6
206158478730,01529219,14,END CONTRACT,902,814,5,0,Islam,6
206158433026,01122428,15,Discontinuation,293,2723,5,0,Islam,6
206158443297,01525497,14,END CONTRACT,2734,151,5,0,Islam,6
206159135238,02005690,9,RESIGNATION,2860,HR6323,5,0,Hindu,5
206158433198,01524615,14,END CONTRACT,571,186,5,0,Islam,6
206158476852,01527803,14,END CONTRACT,28,1305,5,0,Islam,6
206158443737,01419842,14,END CONTRACT,292,478,5,0,Islam,6
206158452565,01178688,9,RESIGNATION,429,328,5,0,Islam,6
206158451184,01408887,9,RESIGNATION,2948,4815,5,0,Islam,6
206159132728,01532393,9,RESIGNATION,248,1319,5,0,Islam,6
206158449913,01161802,17,RETRENCHMENT,767,622,5,0,Islam,6
206158449717,01161815,17,RETRENCHMENT,767,622,5,0,Islam,6
309238589726,01537175,14,END CONTRACT,339,530,5,0,Islam,6
206158449611,01162009,17,RETRENCHMENT,767,622,5,0,Islam,6
206158468724,01526314,17,RETRENCHMENT,767,622,5,0,Islam,6
206158452860,01403758,9,RESIGNATION,566,443,5,0,Islam,6
206158480842,01530347,14,END CONTRACT,333,486,5,0,Islam,6
206158495633,01531034,14,END CONTRACT,333,486,5,0,Islam,6
206158444988,01420478,9,RESIGNATION,504,330,5,0,Islam,6
206158445491,01412284,17,RETRENCHMENT,1080,9956,5,0,Islam,6
206158449653,01409451,17,RETRENCHMENT,767,622,5,0,Islam,6
206158432977,01123211,15,Discontinuation,538,2371,5,0,Hindu,5
309238588234,02006081,9,RESIGNATION,1.71799E+11,7344,5,0,Hindu,5
206158495559,01531697,14,END CONTRACT,583,482,5,0,Islam,6
206158432978,01123214,15,Discontinuation,538,2371,5,0,Hindu,5
206158433325,01127218,21,Contract Discontinue,1487,6919,5,0,Islam,6
206158495450,01531465,14,END CONTRACT,387,2168,5,0,Islam,6
206158444341,01420217,14,END CONTRACT,511,489,5,0,Islam,6
206158444739,01159642,14,END CONTRACT,1748,8701,5,0,Islam,6
206158433259,01127208,21,Contract Discontinue,1487,6919,5,0,Hindu,5
206158433533,01127228,21,Contract Discontinue,1487,6919,5,0,Hindu,5
206158476477,01527389,14,END CONTRACT,387,2168,5,0,Islam,6
206158454456,01401910,9,RESIGNATION,192,550,5,0,Islam,6
206158445040,01421576,9,RESIGNATION,987,HR1128,5,0,Islam,6
206158496210,01531688,21,Contract Discontinue,1487,6919,5,0,Hindu,5
206158445624,01421909,14,END CONTRACT,387,2168,5,0,Islam,6
206158434749,01419220,9,RESIGNATION,2323,1018,5,0,Islam,6
309238590733,01535970,21,Contract Discontinue,688,2703,5,0,Hindu,5
206158444191,01159425,14,END CONTRACT,413,502,5,0,Islam,6
206158433145,01126616,21,Contract Discontinue,688,2703,5,0,Hindu,5
206158443575,01402143,14,END CONTRACT,413,502,5,0,Islam,6
206158496207,01531726,21,Contract Discontinue,688,2703,5,0,Hindu,5
309238589590,01535989,21,Contract Discontinue,688,2703,5,0,Hindu,5
206159133079,01532760,9,RESIGNATION,1775,8882,5,0,Islam,6
206158445824,01525003,9,RESIGNATION,312,5672,5,0,Islam,6
206158479072,01529568,14,END CONTRACT,15,283,5,0,Islam,6
206158443951,01522623,14,END CONTRACT,218,498,5,0,Islam,6
206158443841,01416692,14,END CONTRACT,970,2383,5,0,Islam,6
206158479073,01529569,14,END CONTRACT,15,283,5,0,Islam,6
206158436410,01107405,9,RESIGNATION,279,387,5,0,Islam,6
206158444935,01105041,9,RESIGNATION,1008,4424,5,0,Islam,6
206158447767,01419897,14,END CONTRACT,420,462,5,0,Islam,6
206158453762,01419347,14,END CONTRACT,3010,HR6571,5,0,Islam,6
206159132676,01532338,9,RESIGNATION,1112,1110,5,0,Islam,6
206158444787,01407533,14,END CONTRACT,1930,8435,5,0,Islam,6
206158476415,01527320,14,END CONTRACT,319,5645,5,0,Islam,6
206158444585,01413081,14,END CONTRACT,856,251,5,0,Islam,6
206158431608,01525267,14,END CONTRACT,319,5645,5,0,Islam,6
206158443090,01169849,14,END CONTRACT,1116,2351,5,0,Islam,6
206158443040,01169246,14,END CONTRACT,859,5815,5,0,Islam,6
206158444175,01420284,14,END CONTRACT,361,5642,5,0,Islam,6
206158433808,01416064,9,RESIGNATION,754,2718,5,0,Hindu,5
206158445548,01169241,14,END CONTRACT,859,5815,5,0,Hindu,5
206158444777,01406729,14,END CONTRACT,613,5647,5,0,Islam,6
206158442970,01404968,14,END CONTRACT,613,5647,5,0,Islam,6
206158443138,01524880,14,END CONTRACT,1116,2351,5,0,Islam,6
206158443867,01182053,14,END CONTRACT,397,461,5,0,Islam,6
206158445368,01413082,14,END CONTRACT,1116,2351,5,0,Islam,6
206158445495,01169844,14,END CONTRACT,955,1351,5,0,Islam,6
206158478116,01528597,14,END CONTRACT,856,251,5,0,Islam,6
206158444499,01198293,14,END CONTRACT,2073,152,5,0,Islam,6
206158444945,01523718,14,END CONTRACT,2073,152,5,0,Islam,6
206158443320,01421858,14,END CONTRACT,514,1331,5,0,Islam,6
206158444879,01200096,14,END CONTRACT,2734,151,5,0,Islam,6
206158479357,01529856,14,END CONTRACT,2073,152,5,0,Islam,6
206158495607,01531354,14,END CONTRACT,1.37439E+11,6983,5,0,Islam,6
206158443738,01420174,14,END CONTRACT,2734,151,5,0,Hindu,5
206158477991,01528463,14,END CONTRACT,157,3252,5,0,Islam,6
206158443293,01420312,14,END CONTRACT,514,1331,5,0,Islam,6
309238596757,01537823,14,END CONTRACT,514,1331,5,0,Islam,6
206158495493,01531566,14,END CONTRACT,514,1331,5,0,Islam,6
206158480900,01530405,17,RETRENCHMENT,706,206,5,0,Islam,6
206158450842,01407959,9,RESIGNATION,240,436,5,0,Islam,6
206158446964,01152509,9,RESIGNATION,1374,467,5,0,Islam,6
206158444645,01419876,21,Contract Discontinue,65,2273,5,0,Islam,6
206158450990,01524248,9,RESIGNATION,1365,3133,5,0,Islam,6
206158476256,01526932,9,RESIGNATION,813,955,5,0,Islam,6
206158444340,01523969,9,RESIGNATION,519,956,5,0,Islam,6
206159133098,01532779,9,RESIGNATION,1771,3048,5,0,Islam,6
206158434084,01525382,9,RESIGNATION,2676,4103,5,0,Islam,6
206158445620,01419827,14,END CONTRACT,278,344,5,0,Islam,6
206158443486,01419997,14,END CONTRACT,2732,1425,5,0,Islam,6
206158443139,01525365,14,END CONTRACT,98,343,5,0,Islam,6
206158433081,01127655,21,Contract Discontinue,568,2701,5,0,Hindu,5
206158433060,01126835,21,Contract Discontinue,724,2702,5,0,Hindu,5
206158433181,01126837,21,Contract Discontinue,724,2702,5,0,Hindu,5
206158432956,01127635,21,Contract Discontinue,568,2701,5,0,Hindu,5
206158433160,01127221,21,Contract Discontinue,1487,6919,5,0,Hindu,5
206158433038,01127626,21,Contract Discontinue,568,2701,5,0,Hindu,5
206158431518,01127011,21,Contract Discontinue,1341,9325,5,0,Hindu,5
206158433217,01127015,21,Contract Discontinue,1341,9325,5,0,Islam,6
206158431507,01127213,21,Contract Discontinue,1487,6919,5,0,Hindu,5
206158433071,01127634,21,Contract Discontinue,568,2701,5,0,Hindu,5
206158479075,01529572,21,Contract Discontinue,724,2702,5,0,Hindu,5
206158433356,01127043,21,Contract Discontinue,1341,9325,5,0,Hindu,5
206158433327,01127641,21,Contract Discontinue,568,2701,5,0,Hindu,5
206159132717,01532381,9,RESIGNATION,239,198,5,0,Islam,6
206158477063,01528028,15,Discontinuation,2030,8455,5,0,Islam,6
309238586416,01534046,10,CLOSE FILE,471,5652,5,0,Islam,6
206158451043,01188019,9,RESIGNATION,511,489,5,0,Islam,6
206159133008,01532688,9,RESIGNATION,969,2293,5,0,Islam,6
206158449781,01130002,15,Discontinuation,541,636,5,0,Islam,6
206158452478,01419441,9,RESIGNATION,335,8731,5,0,Islam,6
206158431522,01127204,21,Contract Discontinue,1487,6919,5,0,Hindu,5
206159132823,01532489,9,RESIGNATION,1679,8488,5,0,Islam,6
206158464259,01526219,9,RESIGNATION,667,5649,5,0,Islam,6
206158476693,01527630,9,RESIGNATION,1168,9308,5,0,Islam,6
206158453741,01411681,14,END CONTRACT,2272,HR3708,5,0,Islam,6
206158453673,01525717,14,END CONTRACT,34359738399,HR7177,5,0,Islam,6
206158495021,01531444,14,END CONTRACT,718,HR767,5,0,Islam,6
309238587323,01534799,10,CLOSE FILE,300,479,5,0,Islam,6
206158449804,01402320,14,END CONTRACT,2823,HR6271,5,0,Islam,6
206158445386,01420325,14,END CONTRACT,672,2331,5,0,Hindu,5
206158454164,01523760,14,END CONTRACT,2823,HR6271,5,0,Islam,6
206158465788,01526606,17,RETRENCHMENT,1335,648,5,0,Islam,6
206158495952,01530906,14,END CONTRACT,831,873,5,0,Islam,6
206159132606,01532266,9,RESIGNATION,740,624,5,0,Islam,6
206158452178,01417530,9,RESIGNATION,2988,4806,5,0,Islam,6
206158436152,01418401,21,Contract Discontinue,2974,4845,5,0,Islam,6
206158472800,01527101,9,RESIGNATION,253,1323,5,0,Islam,6
206158444370,01405425,9,RESIGNATION,2292,3655,5,0,Islam,6
206158454133,00135474,17,RETRENCHMENT,767,622,5,0,Islam,6
206158444796,01158081,9,RESIGNATION,2695,286,5,0,Islam,6
206158450858,01524107,9,RESIGNATION,748,8430,5,0,Islam,6
206158434374,01195646,9,RESIGNATION,620,3332,5,0,Islam,6
206158453898,01421223,14,END CONTRACT,804,277,5,0,Islam,6
206158452573,01524042,9,RESIGNATION,675,371,5,0,Islam,6
206158495332,01531694,9,RESIGNATION,847,607,5,0,Islam,6
206158443407,01155258,9,RESIGNATION,6853,HR2482,5,0,Islam,6
206158451012,01172046,9,RESIGNATION,738,236,5,0,Islam,6
206159132895,01532564,9,RESIGNATION,256,2713,5,0,Hindu,5
206158450864,01405404,9,RESIGNATION,307,2722,5,0,Hindu,5
206158442971,01124671,14,END CONTRACT,1742,9344,5,0,Islam,6
206158443802,01125079,14,END CONTRACT,430,268,5,0,Islam,6
206158441144,01416120,9,RESIGNATION,185,233,5,0,Islam,6
206158476933,01527891,14,END CONTRACT,185,233,5,0,Islam,6
206158443299,01405750,14,END CONTRACT,1730,2019,5,0,Islam,6
206158443722,01522430,14,END CONTRACT,303,271,5,0,Islam,6
206158451471,01524611,9,RESIGNATION,2128,HR3387,5,0,Islam,6
206158444691,01121217,14,END CONTRACT,303,271,5,0,Islam,6
206158445039,01417554,14,END CONTRACT,1583,2885,5,0,Islam,6
206158445165,01125023,14,END CONTRACT,1582,2884,5,0,Islam,6
206159133355,01533045,14,END CONTRACT,1091,9149,5,0,Islam,6
206158443412,01125044,14,END CONTRACT,1730,2019,5,0,Islam,6
206158495601,01531158,14,END CONTRACT,430,268,5,0,Islam,6
274878755476,00020195,17,RETRENCHMENT,622,3391,5,0,Buddist,2
274878816997,00128943,4,LEFT,168,1187,5,0,Islam,6
388,00153990,14,END CONTRACT,2,BDHO,1,null,Cristian,4
206158449856,01128003,9,RESIGNATION,324,0641,5,0,Islam,6
206158449825,01407597,14,END CONTRACT,1768,8199,5,0,Islam,6
206158478756,01529244,9,RESIGNATION,2291,3606,5,0,Cristian,4
206158479037,01529533,9,RESIGNATION,2291,3606,5,0,Islam,6
206158496072,01531523,14,END CONTRACT,769,HR826,5,0,Islam,6
309238586882,01534531,14,END CONTRACT,115,1471,5,0,Islam,6
309238590155,01537116,9,RESIGNATION,307,2722,5,0,Buddist,2
274878845239,02500076,10,CLOSE FILE,2104,HR3305,5,0,Islam,6
274878845247,02500093,10,CLOSE FILE,2297,HR3748,5,0,Islam,6
206158431304,no_name,6,Transferred,2,BDHO,1,null,Islam,6
